{
  "jyjfTfr-fSA": {
    "user_name": "Sean Patrick Murphy",
    "user_url": "https://unsplash.com/@spmphoto?utm_source=unsample&utm_medium=referral&utm_campaign=api-credit",
    "photo_url": "https://unsplash.com/photos/jyjfTfr-fSA?utm_source=unsample&utm_medium=referral&utm_campaign=api-credit"
  },
  "XsnGSAOe-pE": {
    "user_name": "Mae Mu",
    "user_url": "https://unsplash.com/@picoftasty?utm_source=unsample&utm_medium=referral&utm_campaign=api-credit",
    "photo_url": "https://unsplash.com/photos/XsnGSAOe-pE?utm_source=unsample&utm_medium=referral&utm_campaign=api-credit"
  },
  "LWzoYFmSRxc": {
    "user_name": "elizabeth lies",
    "user_url": "https://unsplash.com/@elizabethlies?utm_source=unsample&utm_medium=referral&utm_campaign=api-credit",
    "photo_url": "https://unsplash.com/photos/LWzoYFmSRxc?utm_source=unsample&utm_medium=referral&utm_campaign=api-credit"
  },
  "G3W8WYfal6E": {
    "user_name": "Charles Howard",
    "user_url": "https://unsplash.com/@chas2005?utm_source=unsample&utm_medium=referral&utm_campaign=api-credit",
    "photo_url": "https://unsplash.com/photos/G3W8WYfal6E?utm_source=unsample&utm_medium=referral&utm_campaign=api-credit"
  },
  "CULjV0Vc8LU": {
    "user_name": "Dane Deaner",
    "user_url": "https://unsplash.com/@danedeaner?utm_source=unsample&utm_medium=referral&utm_campaign=api-credit",
    "photo_url": "https://unsplash.com/photos/CULjV0Vc8LU?utm_source=unsample&utm_medium=referral&utm_campaign=api-credit"
  },
  "2xRYFjsxgvc": {
    "user_name": "Tiara Aracama",
    "user_url": "https://unsplash.com/@timounesays?utm_source=unsample&utm_medium=referral&utm_campaign=api-credit",
    "photo_url": "https://unsplash.com/photos/2xRYFjsxgvc?utm_source=unsample&utm_medium=referral&utm_campaign=api-credit"
  },
  "bObPZ7jCu60": {
    "user_name": "Logan Wesse",
    "user_url": "https://unsplash.com/@loganwesse?utm_source=unsample&utm_medium=referral&utm_campaign=api-credit",
    "photo_url": "https://unsplash.com/photos/bObPZ7jCu60?utm_source=unsample&utm_medium=referral&utm_campaign=api-credit"
  },
  "a6TG4WipiVU": {
    "user_name": "Raychan",
    "user_url": "https://unsplash.com/@wx1993?utm_source=unsample&utm_medium=referral&utm_campaign=api-credit",
    "photo_url": "https://unsplash.com/photos/a6TG4WipiVU?utm_source=unsample&utm_medium=referral&utm_campaign=api-credit"
  },
  "YNMjGIPgD_c": {
    "user_name": "Mae Mu",
    "user_url": "https://unsplash.com/@picoftasty?utm_source=unsample&utm_medium=referral&utm_campaign=api-credit",
    "photo_url": "https://unsplash.com/photos/YNMjGIPgD_c?utm_source=unsample&utm_medium=referral&utm_campaign=api-credit"
  },
  "3GX4PJ-qces": {
    "user_name": "Joseph Akbrud",
    "user_url": "https://unsplash.com/@byteforbyte?utm_source=unsample&utm_medium=referral&utm_campaign=api-credit",
    "photo_url": "https://unsplash.com/photos/3GX4PJ-qces?utm_source=unsample&utm_medium=referral&utm_campaign=api-credit"
  },
  "zd11QCszcfc": {
    "user_name": "Levi Ventura",
    "user_url": "https://unsplash.com/@leviventura_?utm_source=unsample&utm_medium=referral&utm_campaign=api-credit",
    "photo_url": "https://unsplash.com/photos/zd11QCszcfc?utm_source=unsample&utm_medium=referral&utm_campaign=api-credit"
  },
  "knBA_hTbL4o": {
    "user_name": "Mika Luoma",
    "user_url": "https://unsplash.com/@mika_luo?utm_source=unsample&utm_medium=referral&utm_campaign=api-credit",
    "photo_url": "https://unsplash.com/photos/knBA_hTbL4o?utm_source=unsample&utm_medium=referral&utm_campaign=api-credit"
  },
  "lYtGO6csVZ4": {
    "user_name": "Mae Mu",
    "user_url": "https://unsplash.com/@picoftasty?utm_source=unsample&utm_medium=referral&utm_campaign=api-credit",
    "photo_url": "https://unsplash.com/photos/lYtGO6csVZ4?utm_source=unsample&utm_medium=referral&utm_campaign=api-credit"
  },
  "PBbHhOAYvEM": {
    "user_name": "Fabio Comparelli",
    "user_url": "https://unsplash.com/@intothefab?utm_source=unsample&utm_medium=referral&utm_campaign=api-credit",
    "photo_url": "https://unsplash.com/photos/PBbHhOAYvEM?utm_source=unsample&utm_medium=referral&utm_campaign=api-credit"
  },
  "Jmr-NoDKfjE": {
    "user_name": "William Warby",
    "user_url": "https://unsplash.com/@wwarby?utm_source=unsample&utm_medium=referral&utm_campaign=api-credit",
    "photo_url": "https://unsplash.com/photos/Jmr-NoDKfjE?utm_source=unsample&utm_medium=referral&utm_campaign=api-credit"
  },
  "VRbNuObCRho": {
    "user_name": "Aj Sheik",
    "user_url": "https://unsplash.com/@sheikk?utm_source=unsample&utm_medium=referral&utm_campaign=api-credit",
    "photo_url": "https://unsplash.com/photos/VRbNuObCRho?utm_source=unsample&utm_medium=referral&utm_campaign=api-credit"
  },
  "Xk64iEMg2ts": {
    "user_name": "Tony Dinh",
    "user_url": "https://unsplash.com/@shotbytony?utm_source=unsample&utm_medium=referral&utm_campaign=api-credit",
    "photo_url": "https://unsplash.com/photos/Xk64iEMg2ts?utm_source=unsample&utm_medium=referral&utm_campaign=api-credit"
  },
  "NaXSWKLY1nA": {
    "user_name": "Ben Klea",
    "user_url": "https://unsplash.com/@benkleaphoto?utm_source=unsample&utm_medium=referral&utm_campaign=api-credit",
    "photo_url": "https://unsplash.com/photos/NaXSWKLY1nA?utm_source=unsample&utm_medium=referral&utm_campaign=api-credit"
  },
  "cq5mrzV88Go": {
    "user_name": "Antonis Nonis",
    "user_url": "https://unsplash.com/@antonisnonis?utm_source=unsample&utm_medium=referral&utm_campaign=api-credit",
    "photo_url": "https://unsplash.com/photos/cq5mrzV88Go?utm_source=unsample&utm_medium=referral&utm_campaign=api-credit"
  },
  "2RcRl7WB8Zk": {
    "user_name": "Jack Ward",
    "user_url": "https://unsplash.com/@jackward?utm_source=unsample&utm_medium=referral&utm_campaign=api-credit",
    "photo_url": "https://unsplash.com/photos/2RcRl7WB8Zk?utm_source=unsample&utm_medium=referral&utm_campaign=api-credit"
  },
  "J0PTEiW-lQ4": {
    "user_name": "MAX LIBERTINE",
    "user_url": "https://unsplash.com/@max_libertine?utm_source=unsample&utm_medium=referral&utm_campaign=api-credit",
    "photo_url": "https://unsplash.com/photos/J0PTEiW-lQ4?utm_source=unsample&utm_medium=referral&utm_campaign=api-credit"
  },
  "C1uvQ6G9P4Y": {
    "user_name": "Wes Hicks",
    "user_url": "https://unsplash.com/@sickhews?utm_source=unsample&utm_medium=referral&utm_campaign=api-credit",
    "photo_url": "https://unsplash.com/photos/C1uvQ6G9P4Y?utm_source=unsample&utm_medium=referral&utm_campaign=api-credit"
  },
  "ebc8QZdf_kk": {
    "user_name": "Anton Sharov",
    "user_url": "https://unsplash.com/@antonsharov?utm_source=unsample&utm_medium=referral&utm_campaign=api-credit",
    "photo_url": "https://unsplash.com/photos/ebc8QZdf_kk?utm_source=unsample&utm_medium=referral&utm_campaign=api-credit"
  },
  "2-phOrgQnuY": {
    "user_name": "Len Roth",
    "user_url": "https://unsplash.com/@lenroth?utm_source=unsample&utm_medium=referral&utm_campaign=api-credit",
    "photo_url": "https://unsplash.com/photos/2-phOrgQnuY?utm_source=unsample&utm_medium=referral&utm_campaign=api-credit"
  },
  "-nBnlQ9tN6o": {
    "user_name": "Adam Jang",
    "user_url": "https://unsplash.com/@adamjang?utm_source=unsample&utm_medium=referral&utm_campaign=api-credit",
    "photo_url": "https://unsplash.com/photos/-nBnlQ9tN6o?utm_source=unsample&utm_medium=referral&utm_campaign=api-credit"
  }
}